Year, GDP_Nominal 
2021,6982.85
2022,7603.14
2023,8336.85
2024,9060.52
2025,9828.04
2026,10654.41
2027,11550.27
2028,12521.45704
2029,13492.64407
2030,14463.83111
